{"cameraMode":{"drawMode":0,"name":"Shaded","section":"Shading Mode"},"sceneLighting":true,"audioPlay":false,"sceneViewState":{"m_AlwaysRefresh":false,"showFog":true,"showSkybox":true,"showFlares":true,"showImageEffects":true,"showParticleSystems":true,"showVisualEffectGraphs":true,"m_FxEnabled":true},"in2DMode":false,"pivot":{"x":-2.017873764038086,"y":4.219130039215088,"z":-0.16431331634521485},"rotation":{"x":-0.05528640002012253,"y":0.8979915976524353,"z":-0.11814066022634506,"w":-0.42023539543151858},"size":12.334476470947266,"orthographic":false}